Workbook

Sheet Öğrenci Bilgileri
B1: 2026-2027 EĞİTİM ÖĞRETİM YILI ....................... ANADOLU LİSESİ 9/A SINIFI
B3: SIRA NO | C3: ÖĞRENCİ NO | D3: ÖĞRENCİNİN ADI VE SOYADI
B4: 1 | C4: 58 | D4: EKREM YEKREK
B5: 2 | C5: 60 | D5: SAMİ İL
B6: 3 | C6: 65 | D6: AHMET ÖZBAHAR
B7: 4 | C7: 70 | D7: FATMA ŞENGÜL
B8: 5 | C8: 80 | D8: GÖNÜL KORKUT
B9: 6 | C9: 95 | D9: MEHMET TANER
B10: 7 | C10: 100 | D10: HARUN DERİN
B11: 8 | C11: 115 | D11: MERVE KAMALAK
B12: 9 | C12: 200 | D12: ÜMRAN AYKIŞ
B13: 10 | C13: 215 | D13: IŞIL ÖZLER
B14: 11
B15: 12
B16: 13
B17: 14
B18: 15
B19: 16
B20: 17
B21: 18
B22: 19
B23: 20
B24: 21
B25: 22
... B43: 40

Sheet 1. Tema Konuşma
A1: ……………….. ANADOLU LİSESİ 9/A SINIFI TÜRK DİLİ VE EDEBİYATI DERSİ 1. DÖNEM 1. TEMA KONUŞMA PERFORMANS GÖREVİ DEĞERLENDİRME ÖLÇEĞİ
A2: Bu form, öğrencilerin Düşüncelerimi Sunuyorum başlıklı yazma performans çalışmasını değerlendirmeniz amacıyla hazırlanmıştır. Öğrencilerin belirtilen ölçütlere ilişkin öğrenme düzeyini tablodaki açıklamalardan hareketle puanlayınız.
A3: ÖLÇÜTLER | B3: Başlangıç Düzeyinde | C3: Kabul Edilebilir | D3: İyi | E3: Çok İyi | F3: =OFFSET('Öğrenci Bilgileri'!$D$4, COLUMN(A1)-1, 0) -> EKREM YEKREK | G3: =OFFSET('Öğrenci Bilgileri'!$D$4, COLUMN(B1)-1, 0) -> SAMİ İL | H3: =OFFSET('Öğrenci Bilgileri'!$D$4, COLUMN(C1)-1, 0) -> AHMET ÖZBAHAR | I3: =OFFSET('Öğrenci Bilgileri'!$D$4, COLUMN(D1)-1, 0) -> FATMA ŞENGÜL | J3: =OFFSET('Öğrenci Bilgileri'!$D$4, COLUMN(E1)-1, 0) -> GÖNÜL KORKUT | K3: =OFFSET('Öğrenci Bilgileri'!$D$4, COLUMN(F1)-1, 0) -> MEHMET TANER | L3: =OFFSET('Öğrenci Bilgileri'!$D$4, COLUMN(G1)-1, 0) -> HARUN DERİN | M3: =OFFSET('Öğrenci Bilgileri'!$D$4, COLUMN(H1)-1, 0) -> MERVE KAMALAK | ... AT3: =OFFSET('Öğrenci Bilgileri'!$D$4, COLUMN(AO1)-1, 0) -> 0
A4: Temaya uygunluk | B4: Konuşmaya etkili giriş yapma, konuşmayı sürdürme etkili bir tamamlama istenilen düzeyde yapılmamıştır. (4 puan) | C4: Konuşmaya etkili giriş yapma, konuşmayı sürdürme etkili bir şekilde tamamlama kabul edilebilir düzeyde yapılmıştır. (6 puan) | D4: Konuşmaya etkili giriş yapma, konuşmayı sürdürme etkili bir şekilde tamamlama iyi düzeyde yapılmıştır. (8 puan) | E4: Konuşmaya etkili giriş yapma, konuşmayı sürdürme etkili bir şekilde tamamlama çok iyi düzeyde yapılmıştır. (10 puan) | F4: 10 | G4: 8 | H4: 6 | I4: 4
A5: Düşünsel Süreçleri Kontrol Etme | B5: Düşünceleri, konuşmanın ana fikri etrafında ifade edememiştir. (4 puan) | C5: Düşünceleri, konuşmanın ana fikri etrafında kabul edilebilir düzeyde ifade etmiştir. (6 puan) | D5: Düşünceleri, konuşmanın ana fikri etrafında iyi düzeyde ifade etmiştir. (8 puan) | E5: Düşünceleri, konuşmanın ana fikri etrafında çok iyi düzeyde ifade etmiştir. (10 puan) | F5: 10 | G5: 8 | H5: 6 | I5: 4
A6: Söz varlığı | B6: Duygu ve düşüncelerini tutarlı bir biçimde organize edememiştir. (4 puan) | C6: Bağlama uygun zengin bir kelime hazinesiyle anlatımını kabul edilebilir düzeyde zenginleşmiştir. (6 puan) | D6: Bağlama uygun zengin bir kelime hazinesiyle anlatımını iyi düzeyde zenginleşmiştir. (8 puan) | E6: Bağlama uygun zengin bir kelime hazinesiyle anlatımını çok iyi düzeyde zenginleşmiştir. (10 puan) | F6: 10 | G6: 8 | H6: 6 | I6: 4
A7: Organizasyon | B7: Duygu ve düşüncelerini tutarlı bir biçimde organize edememiştir. (4 puan) | C7: Duygu ve düşüncelerini kabul edilebilir düzeyde organize etmiştir. (6 puan) | D7: Duygu ve düşüncelerini tutarlı bir biçimde iyi düzeyde organize etmiştir. (8 puan) | E7: Duygu ve düşüncelerini tutarlı bir biçimde çok iyi düzeyde organize etmiştir. (10 puan) | F7: 10 | G7: 8 | H7: 6 | I7: 4
A8: Akıcılık | B8: İşitilebilir bir ses tonuyla konuşmamıştır. (4 puan) | C8: İşitilebilir bir ses tonuyla kabul edilebilir düzeyde konuşmuştur. (6 puan) | D8: İşitilebilir bir ses tonuyla iyi düzeyde konuşmuştur. (8 puan) | E8: İşitilebilir bir ses tonuyla çok iyi düzeyde konuşmuştur. (10 puan) | F8: 10 | G8: 8 | H8: 6 | I8: 4
B9: Gereksiz ses tekrarına düşmeden akıcı bir şekilde konuşmamıştır. (4 puan) | C9: Gereksiz ses tekrarına düşmeden akıcı bir şekilde kabul edilebilir düzeyde konuşmuştur. (6 puan) | D9: Gereksiz ses tekrarına düşmeden akıcı bir şekilde iyi düzeyde konuşmuştur. (8 puan) | E9: Gereksiz ses tekrarına düşmeden akıcı bir şekilde çok iyi düzeyde konuşmuştur. (10 puan) | F9: 10 | G9: 8 | H9: 6 | I9: 4
B10: Vurgu ve tonlamaya dikkat ederek akıcı bir şekilde konuşmamıştır. (4 puan) | C10: Vurgu ve tonlamaya dikkat ederek akıcı bir şekilde kabul edilebilir düzeyde konuşmuştur. (6 puan) | D10: Vurgu ve tonlamaya dikkat ederek akıcı bir şekilde iyi düzeyde konuşmuştur. (8 puan) | E10: Vurgu ve tonlamaya dikkat ederek akıcı bir şekilde çok iyi düzeyde konuşmuştur. (10 puan) | F10: 10 | G10: 8 | H10: 6 | I10: 4
A11: Beden Dili | B11: Konuşmada jest ve mimikleri etkili kullanmış, dinleyicilerle yeterli göz teması kurmamıştır. (4 puan) | C11: Konuşmada jest ve mimikleri etkili kullanmış, dinleyicilerle yeterli göz teması kurmuştur. (6 puan) | D11: Konuşmada jest ve mimikleri etkili kullanmış, dinleyicilerle yeterli iyi düzeyde göz teması kurmuştur. (8 puan) | E11: Konuşmada jest ve mimikleri etkili kullanmış, dinleyicilerle çok iyi göz teması kurmuştur. (10 puan) | F11: 10 | G11: 8 | H11: 6 | I11: 4
A12: İş Birliği | B12: Takımda yapılan görev paylaşımı doğrultusunda seçilen şapkanın temsil ettiği görevi yerine getirmemiştir. (4 puan) | C12: Takımda yapılan görev paylaşımı doğrultusunda seçilen şapkanın temsil ettiği görevi kabul edilebilir düzeyde yerine getirmiştir. (6 puan) | D12: Takımda yapılan görev paylaşımı doğrultusunda seçilen şapkanın temsil ettiği görevi iyi düzeyde yerine getirmiştir. (8 puan) | E12: Takımda yapılan görev paylaşımı doğrultusunda seçilen şapkanın temsil ettiği görevi çok iyi düzeyde yerine getirmiştir. (10 puan) | F12: 10 | G12: 8 | H12: 6 | I12: 4
A13: Zaman Yönetimi | B13: Konuşmada süreyi etkin bir şekilde kullanmamıştır. (4 puan) | C13: Konuşmada süreyi kabul edilebilir düzeyde kullanmıştır. (6 puan) | D13: Konuşmada süreyi iyi düzeyde kullanmıştır. (8 puan) | E13: Konuşmada süreyi çok iyi düzeyde kullanmıştır. (10 puan) | F13: 10 | G13: 8 | H13: 6 | I13: 4
A14: TOPLAM | F14: =SUM(F4:F13) -> 100 | G14: =SUM(G4:G13) -> 80 | H14: =SUM(H4:H13) -> 60 | I14: =SUM(I4:I13) -> 40 | J14: =SUM(J4:J13) -> 0 | K14: =SUM(K4:K13) -> 0 | L14: =SUM(L4:L13) -> 0 | M14: =SUM(M4:M13) -> 0 | ... AT14: =SUM(AT4:AT13) -> 0
A15: Değerlendirme: Bu puanlama anahtarından en düşük 40 puan, en yüksek 100 puan alınabilir.
AK16: …./…./2027
AK20: EKREM YEKREK
AK21: TÜRK DİLİ VE EDEBİYATI ÖĞRETMENİ

Sheet 2. Tema Konuşma
A1: ………………….ANADOLU LİSESİ 9/A SINIFI TÜRK DİLİ VE EDEBİYATI DERSİ 1. DÖNEM 2. TEMA KONUŞMA PERFORMANS GÖREVİ DEĞERLENDİRME ÖLÇEĞİ
A2: Bu form, öğrencilere Karakterimin Yolculuğu başlıklı konuşma performans çalışmasını değerlendirmeniz amacıyla hazırlanmıştır. Öğrencilerin belirtilen ölçütlere ilişkin öğrenme düzeyini tablodaki açıklamalardan hareketle puanlayınız.
A3: ÖLÇÜTLER | B3: Başlangıç Düzeyinde | C3: Kabul Edilebilir | D3: İyi | E3: Çok İyi | F3: =OFFSET('Öğrenci Bilgileri'!$D$4, COLUMN(A1)-1, 0) -> EKREM YEKREK | G3: =OFFSET('Öğrenci Bilgileri'!$D$4, COLUMN(B1)-1, 0) -> SAMİ İL | H3: =OFFSET('Öğrenci Bilgileri'!$D$4, COLUMN(C1)-1, 0) -> AHMET ÖZBAHAR | I3: =OFFSET('Öğrenci Bilgileri'!$D$4, COLUMN(D1)-1, 0) -> FATMA ŞENGÜL | J3: =OFFSET('Öğrenci Bilgileri'!$D$4, COLUMN(E1)-1, 0) -> GÖNÜL KORKUT | K3: =OFFSET('Öğrenci Bilgileri'!$D$4, COLUMN(F1)-1, 0) -> MEHMET TANER | L3: =OFFSET('Öğrenci Bilgileri'!$D$4, COLUMN(G1)-1, 0) -> HARUN DERİN | M3: =OFFSET('Öğrenci Bilgileri'!$D$4, COLUMN(H1)-1, 0) -> MERVE KAMALAK | ... AS3: =OFFSET('Öğrenci Bilgileri'!$D$4, COLUMN(AN1)-1, 0) -> 0
A4: Planlama | B4: Sunumu planlama ve plan doğrultusunda gerçekleştirme istenilen düzeyde yapılmamıştır. (4 puan) | C4: Sunumu planlama ve planlama doğrultusunda gerçekleştirme kabul edilebilir düzeyde yapılmıştır. (6 puan) | D4: Sunumu planlama ve plan doğrultusunda gerçekleştirme iyi düzeyde yapılmıştır. (8 puan) | E4: Sunumu planlama ve planlama doğrultusunda gerçekleştirme istenilen çok iyi düzeyde yapılmıştır. (10 puan) | F4: 10 | G4: 8 | H4: 4 | I4: 6
A5: Düşünsel süreçleri kontrol etme | B5: Sunumu amaca uygun örneklerle desteklememiştir. (4 puan) | C5: Sunumu amaca uygun örneklerle kabul edilebilir düzeyde desteklemiştir. (6 puan) | D5: Sunumu amaca uygun örneklerle iyi düzeyde desteklemiştir. (8 puan) | E5: Sunumu amaca uygun örneklerle çok iyi düzeyde desteklemiştir. (10 puan) | F5: 10 | G5: 8 | H5: 4 | I5: 6
A6: Söz varlığı | B6: Yazılı ürünü imge ve çağrışım değeri yüksek ifadelerle yeterli düzeyde zenginleştirmemiştir. (4 puan) | C6: Yazılı ürünü imge ve çağrışım değeri yüksek ifadelerle kabul edilebilir düzeyde zenginleştirmiştir. (6 puan) | D6: Yazılı ürünü imge ve çağrışım değeri yüksek ifadelerle iyi düzeyde zenginleştirmiştir. (8 puan) | E6: Yazılı ürünü imge ve çağrışım değeri yüksek ifadelerle çok iyi düzeyde zenginleştirmiştir. (10 puan) | F6: 10 | G6: 8 | H6: 4 | I6: 6
A7: Akıcılık | B7: Gereksiz ses tekrarlarına düşmeden sunumu akıcı bir şekilde gerçekleştirmemiştir. (4 puan) | C7: Gereksiz ses tekrarlarına düşmeden sunumu akıcı bir şekilde kabul edilebilir seviyede gerçekleştirmiştir. (6 puan) | D7: Gereksiz ses tekrarlarına düşmeden sunumu akıcı bir şekilde iyi düzeyde gerçekleştirmiştir. (8 puan) | E7: Gereksiz ses tekrarlarına düşmeden sunumu akıcı bir şekilde çok iyi düzeyde gerçekleştirmiştir. (10 puan) | F7: 10 | G7: 8 | H7: 4 | I7: 6
A8: Beden dili | B8: Sunumda jest ve mimiklerini etkili kullanmamış, dinleyicilerle yeterli göz temasını kurmamıştır. (4 puan) | C8: Sunumda jest ve mimiklerini etkili kullanmış, dinleyicilerle kabul edilebilir düzeyde temasını kurmuştur. (6 puan) | D8: Sunumda jest ve mimiklerini etkili kullanmış, dinleyicilerle yeterli göz temasını iyi düzeyde kurmuştur. (8 puan) | E8: Sunumda jest ve mimiklerini etkili kullanmış, dinleyicilerle yeterli göz temasını çok iyi düzeyde kuramuştur. (10 puan) | F8: 10 | G8: 8 | H8: 4 | I8: 6
A9: İş birliği | B9: Sunumda takım içindeki sorumluluğunu istenilen düzeyde yerine getirmemiştir. (4 puan) | C9: Sunumda takım içindeki sorumluluğunu kabul edilebilir düzeyde yerine getirmiştir. (6 puan) | D9: Sunumda takım içindeki sorumluluğunu iyi düzeyde yerine getirmiştir. (8 puan) | E9: Sunumda takım içindeki sorumluluğunu çok iyi düzeyde yerine getirmiştir. (10 puan) | F9: 10 | G9: 8 | H9: 4 | I9: 6
A10: Zaman yönetimi | B10: Sunumunda süreyi etkili bir şekilde kullanmamıştır. (4 puan) | C10: Sunumunda süreyi kabul edilebilir düzeyde kullanmıştır. (6 puan) | D10: Süreyi etkili bir şekilde kullanarak sunumu iyi düzeyde gerçekleştirmiştir. (8 puan) | E10: Süreyi etkili bir şekilde kullanarak sunumu çok iyi düzeyde gerçekleştirmiştir. (10 puan) | F10: 10 | G10: 8 | H10: 4 | I10: 6
A11: İçerik kurgusu | B11: Yazılı üründe yazım kurallarının ve noktalama işaretlerinin kullanımı yeterli düzeyde değildir. (4 puan) | C11: Yazılı üründe yazım kurallarının ve noktalama işaretlerinin kullanımı kabul edilebilir düzeydedir. (6 puan) | D11: Yazılı üründe yazım kurallarının ve noktalama işaretlerinin kullanımı iyi düzeydedir. (8 puan) | E11: Yazılı üründe yazım kurallarının ve noktalama işaretlerinin kullanımı çok iyi düzeydedir. (10 puan) | F11: 10 | G11: 8 | H11: 4 | I11: 6
B12: Yazılı ürünü imge ve çağrışım değeri yüksek ifadelerle yeterli düzeyde zenginleştirmemiştir. (4 puan) | C12: Yazılı ürünü imge ve çağrışım değeri yüksek ifadelerle kabul edilebilir düzeyde zenginleştirmiştir. (6 puan) | D12: Sunumda açık ve örtük iletilere iyi düzeyde yer vermiştir. (8 puan) | E12: Sunumda açık ve örtük iletilere çok iyi düzeyde yer vermiştir. (10 puan) | F12: 10 | G12: 8 | H12: 4 | I12: 6
B13: Sunumda karşılaştırma, betimleme, benzetme gibi düşünceyi geliştirme yollarından yararlanmamıştır. (4 puan) | C13: Gereksiz ses tekrarlarına düşmeden sunumu akıcı bir şekilde iyi düzeyde gerçekleştirmiştir. (6 puan) | D13: Sunumda karşılaştırma, betimleme, benzetme gibi düşünceyi geliştirme yollarından iyi düzeyde yararlanmıştır. (8 puan) | E13: Sunumda karşılaştırma, betimleme, benzetme gibi düşünceyi geliştirme yollarından çok iyi düzeyde yararlanmıştır. (10 puan) | F13: 10 | G13: 8 | H13: 4 | I13: 6
A14: TOPLAM | F14: =SUM(F4:F13) -> 100 | G14: =SUM(G4:G13) -> 80 | H14: =SUM(H4:H13) -> 40 | I14: =SUM(I4:I13) -> 60 | J14: =SUM(J4:J13) -> 0 | K14: =SUM(K4:K13) -> 0 | L14: =SUM(L4:L13) -> 0 | M14: =SUM(M4:M13) -> 0 | ... AS14: =SUM(AS4:AS13) -> 0
A15: Değerlendirme: Bu puanlama anahtarından en düşük 40 puan, en yüksek 100 puan alınabilir.
AJ16: 46402
AJ20: EKREM YEKREK
AJ21: TÜRK DİLİ VE EDEBİYATI ÖĞRETMENİ

Sheet 1. Tema Yazma
A1: …………………. ANADOLU LİSESİ 9/A SINIFI TÜRK DİLİ VE EDEBİYATI DERSİ 1. DÖNEM 1. TEMA YAZMA PERFORMANS GÖREVİ DEĞERLENDİRME ÖLÇEĞİ
A2: Bu form, öğrencilerin Duygularımı Betimliyorum başlıklı yazma performans çalışmasını değerlendirmeniz amacıyla hazırlanmıştır. Öğrencilerin belirtilen ölçütlere ilişkin öğrenme düzeyini tablodaki açıklamalardan hareketle puanlayınız.
A3: ÖLÇÜTLER | B3: Başlangıç Düzeyinde | C3: Kabul Edilebilir | D3: İyi | E3: Çok İyi | F3: =OFFSET('Öğrenci Bilgileri'!$D$4, COLUMN(A1)-1, 0) -> EKREM YEKREK | G3: =OFFSET('Öğrenci Bilgileri'!$D$4, COLUMN(B1)-1, 0) -> SAMİ İL | H3: =OFFSET('Öğrenci Bilgileri'!$D$4, COLUMN(C1)-1, 0) -> AHMET ÖZBAHAR | I3: =OFFSET('Öğrenci Bilgileri'!$D$4, COLUMN(D1)-1, 0) -> FATMA ŞENGÜL | J3: =OFFSET('Öğrenci Bilgileri'!$D$4, COLUMN(E1)-1, 0) -> GÖNÜL KORKUT | K3: =OFFSET('Öğrenci Bilgileri'!$D$4, COLUMN(F1)-1, 0) -> MEHMET TANER | L3: =OFFSET('Öğrenci Bilgileri'!$D$4, COLUMN(G1)-1, 0) -> HARUN DERİN | M3: =OFFSET('Öğrenci Bilgileri'!$D$4, COLUMN(H1)-1, 0) -> MERVE KAMALAK | ... AR3: =OFFSET('Öğrenci Bilgileri'!$D$4, COLUMN(AM1)-1, 0) -> 0 | AS3: =OFFSET('Öğrenci Bilgileri'!$D$4, COLUMN(AP1)-1, 0) -> 0
A4: Temaya uygunluk | B4: Dörtlüklerin temasını yeterli düzeyde yansıtmamıştır. (4 puan) | C4: Dörtlüklerin temasını kabul edilebilir düzeyde yansıtmıştır. (6 puan) | D4: Dörtlüklerin temasını iyi düzeyde yansıtmıştır. (8 puan) | E4: Dörtlüklerin temasını çok iyi düzeyde yansıtmıştır. (10 puan) | F4: 10 | G4: 8 | H4: 4 | I4: 6
A5: Ana duyguya uygunluk | B5: Dörtlüklerin ana duygusunu yeterli düzeyde yansıtmamıştır. (4 puan) | C5: Dörtlüklerin ana duygusunu kabul edilebilir düzeyde yansıtmıştır. (6 puan) | D5: Dörtlüklerin ana duygusunu iyi düzeyde yansıtmıştır. (8 puan) | E5: Dörtlüklerin ana duygusunu çok iyi düzeyde yansıtmıştır. (10 puan) | F5: 10 | G5: 8 | H5: 4 | I5: 6
A6: İmge ve çağrışım kullanımı | B6: Yazılı ürünü imge ve çağrışım değeri yüksek ifadelerle yeterli düzeyde zenginleştirmemiştir. (4 puan) | C6: Yazılı ürünü imge ve çağrışım değeri yüksek ifadelerle kabul edilebilir düzeyde zenginleştirmiştir. (6 puan) | D6: Yazılı ürünü imge ve çağrışım değeri yüksek ifadelerle iyi düzeyde zenginleştirmiştir. (8 puan) | E6: Yazılı ürünü imge ve çağrışım değeri yüksek ifadelerle çok iyi düzeyde zenginleştirmiştir. (10 puan) | F6: 10 | G6: 8 | H6: 4 | I6: 6
A7: Açık ve örtük iletiler | B7: Dörtlüklerin açık ve örtük iletilerini yeterli düzeyde yansıtmamıştır. (4 puan) | C7: Dörtlüklerin açık ve örtük iletilerini kabul edilebilir düzeyde yansıtmıştır. (6 puan) | D7: Dörtlüklerin açık ve örtük iletilerini iyi düzeyde yansıtmıştır. (8 puan) | E7: Dörtlüklerin açık ve örtük iletilerini çok iyi düzeyde yansıtmıştır. (10 puan) | F7: 10 | G7: 8 | H7: 4 | I7: 6
A8: Betimleme unsurları | B8: Yazılı üründe niteleyici kelime ve kelime gruplarının anlatımı zenginleştirecek şekilde yeterli düzeyde kullanmamıştır. (4 puan) | C8: Yazılı üründe niteleyici kelime ve kelime gruplarının anlatımı zenginleştirecek şekilde kabul edilebilir düzeyde kullanmıştır. (6 puan) | D8: Yazılı üründe niteleyici kelime ve kelime gruplarının anlatımı zenginleştirecek şekilde iyi düzeyde kullanmıştır. (8 puan) | E8: Yazılı üründe niteleyici kelime ve kelime gruplarının anlatımı zenginleştirecek şekilde çok iyi düzeyde kullanmıştır. (10 puan) | F8: 10 | G8: 8 | H8: 4 | I8: 6
A9: Söz varlığı | B9: Dilimize henüz yerleşmemiş yabancı kelimelerin yerine Türkçe kelimeleri yeterli düzeyde kullanmamıştır. (4 puan) | C9: Dilimize henüz yerleşmemiş yabancı kelimelerin yerine Türkçe kelimeleri kabul edilebilir düzeyde kullanmıştır. (6 puan) | D9: Dilimize henüz yerleşmemiş yabancı kelimelerin yerine Türkçe kelimeleri iyi düzeyde kullanmıştır. (8 puan) | E9: Dilimize henüz yerleşmemiş yabancı kelimelerin yerine Türkçe kelimeleri çok iyi düzeyde kullanmıştır. (10 puan) | F9: 10 | G9: 8 | H9: 4 | I9: 6
A10: Akıcılık | B10: Bölümler arası geçişleri eksik yapmış yeterli düzeyde sağlayamamıştır. (4 puan) | C10: Bölümler arası geçişleri kabul edilebilir düzeyde sağlamıştır. (6 puan) | D10: Bölümler arası geçişleri iyi düzeyde sağlamıştır. (8 puan) | E10: Bölümler arası geçişleri çok iyi düzeyde sağlamıştır. (10 puan) | F10: 10 | G10: 8 | H10: 4 | I10: 6
A11: Yazım ve noktalama | B11: Yazılı üründe yazım kurallarının ve noktalama işaretlerinin kullanımı yeterli düzeyde değildir. (4 puan) | C11: Yazılı üründe yazım kurallarının ve noktalama işaretlerinin kullanımı kabul edilebilir düzeydedir. (6 puan) | D11: Yazılı üründe yazım kurallarının ve noktalama işaretlerinin kullanımı iyi düzeydedir. (8 puan) | E11: Yazılı üründe yazım kurallarının ve noktalama işaretlerinin kullanımı çok iyi düzeydedir. (10 puan) | F11: 10 | G11: 8 | H11: 4 | I11: 6
A12: Özgünlük | B12: Yazılı ürünü özgün fikirlerle zenginleştirme yeterli düzeyde yapılamamıştır. (8 puan) | C12: Yazılı ürünü özgün fikirlerle zenginleştirme kabul edilebilir düzeyde yapılmıştır. (12 puan) | D12: Yazılı ürünü özgün fikirlerle zenginleştirme iyi düzeyde yapılmıştır. (16 puan) | E12: Yazılı ürünü özgün fikirlerle zenginleştirme çok iyi düzeyde yapılmıştır. (20 puan) | F12: 20 | G12: 16 | H12: 8 | I12: 12
A13: TOPLAM | F13: =SUM(F4:F12) -> 100 | G13: =SUM(G4:G12) -> 80 | H13: =SUM(H4:H12) -> 40 | I13: =SUM(I4:I12) -> 60 | J13: =SUM(J4:J12) -> 0 | K13: =SUM(K4:K12) -> 0 | L13: =SUM(L4:L12) -> 0 | M13: =SUM(M4:M12) -> 0 | ... AS13: =SUM(AS4:AS12) -> 0
A14: Değerlendirme: Bu puanlama anahtarından en düşük 40 puan, en yüksek 100 puan alınabilir.
AJ15: …./…./2026
AJ19: EKREM YEKREK
AJ20: TÜRK DİLİ VE EDEBİYATI ÖĞRETMENİ

Sheet 2. Tema Yazma
A1: ………………………... ANADOLU LİSESİ 9/A SINIFI TÜRK DİLİ VE EDEBİYATI DERSİ 1. DÖNEM 2. TEMA YAZMA PERFORMANS GÖREVİ
A2: Bu form, öğrencilerin Genç Şairlerden Mısralar başlıklı yazma performans çalışmasını değerlendirmeniz amacıyla hazırlanmıştır. Öğrencilerin belirtilen ölçütlere ilişkin öğrenme düzeyini tablodaki açıklamalardan hareketle puanlayınız.
A3: ÖLÇÜTLER | B3: Başlangıç Düzeyinde | C3: Kabul Edilebilir | D3: İyi | E3: Çok İyi | F3: =OFFSET('Öğrenci Bilgileri'!$D$4, COLUMN(A1)-1, 0) -> EKREM YEKREK | G3: =OFFSET('Öğrenci Bilgileri'!$D$4, COLUMN(B1)-1, 0) -> SAMİ İL | H3: =OFFSET('Öğrenci Bilgileri'!$D$4, COLUMN(C1)-1, 0) -> AHMET ÖZBAHAR | I3: =OFFSET('Öğrenci Bilgileri'!$D$4, COLUMN(D1)-1, 0) -> FATMA ŞENGÜL | J3: =OFFSET('Öğrenci Bilgileri'!$D$4, COLUMN(E1)-1, 0) -> GÖNÜL KORKUT | K3: =OFFSET('Öğrenci Bilgileri'!$D$4, COLUMN(F1)-1, 0) -> MEHMET TANER | L3: =OFFSET('Öğrenci Bilgileri'!$D$4, COLUMN(G1)-1, 0) -> HARUN DERİN | M3: =OFFSET('Öğrenci Bilgileri'!$D$4, COLUMN(H1)-1, 0) -> MERVE KAMALAK | ... AS3: =OFFSET('Öğrenci Bilgileri'!$D$4, COLUMN(AN1)-1, 0) -> 0
A4: Planlama | B4: Yazılı ürünü bir plan doğrultusunda oluşturmamıştır. (4 puan) | C4: Yazılı ürünü bir plan doğrultusunda kabul edilebilir seviyede oluşturmuştur. (6 puan) | D4: Yazılı ürünü bir plan doğrultusunda iyi seviyede oluşturmuştur. (8 puan) | E4: Yazılı ürünü bir plan doğrultusunda çok iyi seviyede oluşturmuştur. (10 puan) | F4: 10 | G4: 8 | H4: 4 | I4: 6
A5: Temaya uygunluk | B5: Yazılı üründe dinlediği şiirin temasına uygun duyguları değerlendirmemiştir. 4 puan) | C5: Yazılı üründe dinlediği şiirin temasına uygun duyguları kabul edilebilir seviyede değerlendirmiştir. (6 puan) | D5: Yazılı üründe dinlediği şiirin temasına uygun duyguları iyi seviyede değerlendirir. (8 puan) | E5: Yazılı üründe dinlediği şiirin temasına uygun duyguları çok iyi değerlendirmiştir. (10 puan) | F5: 10 | G5: 8 | H5: 4 | I5: 6
A6: İmge ve çağrışım kullanımı | B6: Yazılı ürünün anlamını zenginleştiren imgelerden yararlanmamıştır. (4 puan) | C6: Yazılı ürünün anlamını zenginleştiren imgelerden kabul edilebilir seviyede yararlanmıştır. (6 puan) | D6: Yazılı ürünün anlamını zenginleştiren imgelerden iyi seviyede yararlanmıştır. (8 puan) | E6: Yazılı ürünün anlamını zenginleştiren imgelerden çok iyi seviyede yararlanmıştır. (10 puan) | F6: 10 | G6: 8 | H6: 4 | I6: 6
B7: Kelimeleri okurda çağrışım uyandıracak şekilde kullanmamıştır. (4 puan) | C7: Kelimeleri okurda çağrışım uyandıracak şekilde kabul edilebilir seviyede kullanır. (6 puan) | D7: Kelimeleri okurda çağrışım uyandıracak şekilde iyi seviyede kullanır. (8 puan) | E7: Kelimeleri okurda çağrışım uyandıracak şekilde çok iyi seviyede kullanır. (10 puan) | F7: 10 | G7: 8 | H7: 4 | I7: 6
A8: Akıcılık ve anlatım | B8: Temaya uygun açık ve örtük iletilerle ana duyguyu değerlendirmemiştir. (4 puan) | C8: Temaya uygun açık ve örtük iletilerle ana duyguyu kabul edilebilir seviyede değerlendirmiştir. (6 puan) | D8: Temaya uygun açık ve örtük iletilerle ana duyguyu iyi seviyede değerlendirmiştir. (8 puan) | E8: Temaya uygun açık ve örtük iletilerle ana duyguyu çok iyi seviyede değerlendirir. (10 puan) | F8: 10 | G8: 8 | H8: 4 | I8: 6
A9: Söz varlığı | B9: Bağlama uygun sözcüklerle yazılı ürünü zenginleştirmemiştir. (4 puan) | C9: Bağlama uygun sözcüklerle yazılı ürünü kabul edilebilir seviyede zenginleştirmiştir. (6 puan) | D9: Bağlama uygun sözcüklerle yazılı ürünü iyi seviyede zenginleştirmiştir. (8 puan) | E9: Bağlama uygun sözcüklerle yazılı ürünü çok iyi seviyede zenginleştirmiştir. (10 puan) | F9: 10 | G9: 8 | H9: 4 | I9: 6
A10: Ritim ve ahenk | B10: Dizelerdeki hecelerin eşitliğiyle ritim ve ahenk oluşturmamıştır. (4 puan) | C10: Dizelerdeki hecelerin eşitliğiyle ritim ve ahengi kabul edilebilir seviyede oluşturmuştur. (6 puan) | D10: Dizelerdeki hecelerin eşitliğiyle ritim ve ahengi iyi seviyede oluşturur. (8 puan) | E10: Dizelerdeki hecelerin eşitliğiyle ritim ve ahengi çok iyi seviyede oluşturmuştur. (10 puan) | F10: 10 | G10: 8 | H10: 4 | I10: 6
A11: Akıcılık | B11: Bölümler arası geçişleri başarıyla yaparak yazılı ürünün kolay okunmasını sağlamamıştır. (4 puan) | C11: Bölümler arası geçişleri başarıyla yaparak yazılı ürünün kolay okunmasını kabul edilebilir seviyede sağlamıştır. (6 puan) | D11: Bölümler arası geçişleri başarıyla yaparak yazılı ürünün kolay okunmasını iyi seviyede sağlamıştır. (8 puan) | E11: Bölümler arası geçişleri başarıyla yaparak yazılı ürünün kolay okunmasını çok iyi seviyede sağlamıştır. (10 puan) | F11: 10 | G11: 8 | H11: 4 | I11: 6
A12: Şiirin Sunumu | B12: Yazılı ürünü vurgu ve tonlamaya dikkat ederek sunmamıştır. (4 puan) | C12: Yazılı ürünü vurgu ve tonlamaya dikkat ederek kabul edilebilir seviyede sunmuştur. (6 puan) | D12: Yazılı ürünü vurgu ve tonlamaya dikkat ederek iyi seviyede sunmuştur. (8 puan) | E12: Yazılı ürünü vurgu ve tonlamaya dikkat ederek çok iyi seviyede sunmuştur. (10 puan) | F12: 10 | G12: 8 | H12: 4 | I12: 6
B13: Yazılı ürünü sunarken kelimeleri doğru telaffuz etmemiştir. (4 puan) | C13: Yazılı ürünü sunarken kelimeleri kabul edilebilir seviyede doğru telaffuz eder. (6 puan) | D13: Yazılı ürünü sunarken kelimeleri iyi seviyede doğru telaffuz eder. (8 puan) | E13: Yazılı ürünü sunarken kelimeleri çok iyi seviyede doğru telaffuz eder. (10 puan) | F13: 10 | G13: 8 | H13: 4 | I13: 6
A14: TOPLAM | F14: =SUM(F4:F13) -> 100 | G14: =SUM(G4:G13) -> 80 | H14: =SUM(H4:H13) -> 40 | I14: =SUM(I4:I13) -> 60 | J14: =SUM(J4:J13) -> 0 | K14: =SUM(K4:K13) -> 0 | L14: =SUM(L4:L13) -> 0 | M14: =SUM(M4:M13) -> 0 | ... AS14: =SUM(AS4:AS13) -> 0
A15: Değerlendirme: Bu puanlama anahtarından en düşük 40 puan, en yüksek 100 puan alınabilir.
AJ16: …./…./2026
AJ20: EKREM YEKREK
AJ21: TÜRK DİLİ VE EDEBİYATI ÖĞRETMENİ

Sheet 1. DÖNEM 1. PERFORMANS PUANI
B1: 2026-2027 EĞİTİM ÖĞRETİM YILI ........................................... ANADOLU LİSESİ 9/A SINIFI TÜRK DİLİ VE EDEBİYATI DERSİ 1. DÖNEM 1. PERFORMANS PUANLARI
B2: BU SAYFADA ATÖLYE ÇALIŞMALARI, DURUM NOTLARININ 100 ÜZERİNDEN KARŞILIĞI VERİLMİŞTİR. LÜTFEN BU SAYFADA HERHANGİ BİR DEĞİŞİKLİK YAPMAYINIZ. DEĞİŞİKLİK İÇİN PUANLARIN BULUNDUĞU SAYFAYA GİDİNİZ VE DEĞİŞİKLİĞİ ORADA YAPINIZ.
B3: SIRA NO | C3: ÖĞRENCİ NO | D3: ÖĞRENCİNİN ADI VE SOYADI | E3: I. Tema Konuşma Performans Görevi Puanı (%25) | F3: II. Tema Konuşma Performans Görevi Puanı (%25) | G3: I. Tema Yazma Performans Görevi (%25) | H3: II. Tema Yazma Performans Görevi (%25) | I3: 1.DÖNEM 1. PERFORMANS PUANI
B4: 1 | C4: ='Öğrenci Bilgileri'!C4 -> 58 | D4: ='Öğrenci Bilgileri'!D4 -> EKREM YEKREK | E4: =ROUND(OFFSET('1. Tema Konuşma'!$F$14, 0, ROW(A1)-1) * (25/ 100), 0) -> 25 | F4: =ROUND(OFFSET('2. Tema Konuşma'!$F$14, 0, ROW(A1)-1) * (25 / 100), 0) -> 25 | G4: =ROUND(OFFSET('1. Tema Yazma'!$F$13, 0, ROW(A1)-1) * (25 / 100), 0) -> 25 | H4: =ROUND(OFFSET('2. Tema Yazma'!$F$14, 0, ROW(A1)-1) * (25 / 100), 0) -> 25 | I4: =SUM(E4:H4) -> 100
B5: 2 | C5: ='Öğrenci Bilgileri'!C5 -> 60 | D5: ='Öğrenci Bilgileri'!D5 -> SAMİ İL | E5: =ROUND(OFFSET('1. Tema Konuşma'!$F$14, 0, ROW(A2)-1) * (25/ 100), 0) -> 20 | F5: =ROUND(OFFSET('2. Tema Konuşma'!$F$14, 0, ROW(A2)-1) * (25 / 100), 0) -> 20 | G5: =ROUND(OFFSET('1. Tema Yazma'!$F$13, 0, ROW(A2)-1) * (25 / 100), 0) -> 20 | H5: =ROUND(OFFSET('2. Tema Yazma'!$F$14, 0, ROW(A2)-1) * (25 / 100), 0) -> 20 | I5: =SUM(E5:H5) -> 80
B6: 3 | C6: ='Öğrenci Bilgileri'!C6 -> 65 | D6: ='Öğrenci Bilgileri'!D6 -> AHMET ÖZBAHAR | E6: =ROUND(OFFSET('1. Tema Konuşma'!$F$14, 0, ROW(A3)-1) * (25/ 100), 0) -> 15 | F6: =ROUND(OFFSET('2. Tema Konuşma'!$F$14, 0, ROW(A3)-1) * (25 / 100), 0) -> 10 | G6: =ROUND(OFFSET('1. Tema Yazma'!$F$13, 0, ROW(A3)-1) * (25 / 100), 0) -> 10 | H6: =ROUND(OFFSET('2. Tema Yazma'!$F$14, 0, ROW(A3)-1) * (25 / 100), 0) -> 10 | I6: =SUM(E6:H6) -> 45
B7: 4 | C7: ='Öğrenci Bilgileri'!C7 -> 70 | D7: ='Öğrenci Bilgileri'!D7 -> FATMA ŞENGÜL | E7: =ROUND(OFFSET('1. Tema Konuşma'!$F$14, 0, ROW(A4)-1) * (25/ 100), 0) -> 10 | F7: =ROUND(OFFSET('2. Tema Konuşma'!$F$14, 0, ROW(A4)-1) * (25 / 100), 0) -> 15 | G7: =ROUND(OFFSET('1. Tema Yazma'!$F$13, 0, ROW(A4)-1) * (25 / 100), 0) -> 15 | H7: =ROUND(OFFSET('2. Tema Yazma'!$F$14, 0, ROW(A4)-1) * (25 / 100), 0) -> 15 | I7: =SUM(E7:H7) -> 55
B8: 5 | C8: ='Öğrenci Bilgileri'!C8 -> 80 | D8: ='Öğrenci Bilgileri'!D8 -> GÖNÜL KORKUT | E8: =ROUND(OFFSET('1. Tema Konuşma'!$F$14, 0, ROW(A5)-1) * (25/ 100), 0) -> 0 | F8: =ROUND(OFFSET('2. Tema Konuşma'!$F$14, 0, ROW(A5)-1) * (25 / 100), 0) -> 0 | G8: =ROUND(OFFSET('1. Tema Yazma'!$F$13, 0, ROW(A5)-1) * (25 / 100), 0) -> 0 | H8: =ROUND(OFFSET('2. Tema Yazma'!$F$14, 0, ROW(A5)-1) * (25 / 100), 0) -> 0 | I8: =SUM(E8:H8) -> 0
B9: 6 | C9: ='Öğrenci Bilgileri'!C9 -> 95 | D9: ='Öğrenci Bilgileri'!D9 -> MEHMET TANER | E9: =ROUND(OFFSET('1. Tema Konuşma'!$F$14, 0, ROW(A6)-1) * (25/ 100), 0) -> 0 | F9: =ROUND(OFFSET('2. Tema Konuşma'!$F$14, 0, ROW(A6)-1) * (25 / 100), 0) -> 0 | G9: =ROUND(OFFSET('1. Tema Yazma'!$F$13, 0, ROW(A6)-1) * (25 / 100), 0) -> 0 | H9: =ROUND(OFFSET('2. Tema Yazma'!$F$14, 0, ROW(A6)-1) * (25 / 100), 0) -> 0 | I9: =SUM(E9:H9) -> 0
B10: 7 | C10: ='Öğrenci Bilgileri'!C10 -> 100 | D10: ='Öğrenci Bilgileri'!D10 -> HARUN DERİN | E10: =ROUND(OFFSET('1. Tema Konuşma'!$F$14, 0, ROW(A7)-1) * (25/ 100), 0) -> 0 | F10: =ROUND(OFFSET('2. Tema Konuşma'!$F$14, 0, ROW(A7)-1) * (25 / 100), 0) -> 0 | G10: =ROUND(OFFSET('1. Tema Yazma'!$F$13, 0, ROW(A7)-1) * (25 / 100), 0) -> 0 | H10: =ROUND(OFFSET('2. Tema Yazma'!$F$14, 0, ROW(A7)-1) * (25 / 100), 0) -> 0 | I10: =SUM(E10:H10) -> 0
B11: 8 | C11: ='Öğrenci Bilgileri'!C11 -> 115 | D11: ='Öğrenci Bilgileri'!D11 -> MERVE KAMALAK | E11: =ROUND(OFFSET('1. Tema Konuşma'!$F$14, 0, ROW(A8)-1) * (25/ 100), 0) -> 0 | F11: =ROUND(OFFSET('2. Tema Konuşma'!$F$14, 0, ROW(A8)-1) * (25 / 100), 0) -> 0 | G11: =ROUND(OFFSET('1. Tema Yazma'!$F$13, 0, ROW(A8)-1) * (25 / 100), 0) -> 0 | H11: =ROUND(OFFSET('2. Tema Yazma'!$F$14, 0, ROW(A8)-1) * (25 / 100), 0) -> 0 | I11: =SUM(E11:H11) -> 0
B12: 9 | C12: ='Öğrenci Bilgileri'!C12 -> 200 | D12: ='Öğrenci Bilgileri'!D12 -> ÜMRAN AYKIŞ | E12: =ROUND(OFFSET('1. Tema Konuşma'!$F$14, 0, ROW(A9)-1) * (25/ 100), 0) -> 0 | F12: =ROUND(OFFSET('2. Tema Konuşma'!$F$14, 0, ROW(A9)-1) * (25 / 100), 0) -> 0 | G12: =ROUND(OFFSET('1. Tema Yazma'!$F$13, 0, ROW(A9)-1) * (25 / 100), 0) -> 0 | H12: =ROUND(OFFSET('2. Tema Yazma'!$F$14, 0, ROW(A9)-1) * (25 / 100), 0) -> 0 | I12: =SUM(E12:H12) -> 0
B13: 10 | C13: ='Öğrenci Bilgileri'!C13 -> 215 | D13: ='Öğrenci Bilgileri'!D13 -> IŞIL ÖZLER | E13: =ROUND(OFFSET('1. Tema Konuşma'!$F$14, 0, ROW(A10)-1) * (25/ 100), 0) -> 0 | F13: =ROUND(OFFSET('2. Tema Konuşma'!$F$14, 0, ROW(A10)-1) * (25 / 100), 0) -> 0 | G13: =ROUND(OFFSET('1. Tema Yazma'!$F$13, 0, ROW(A10)-1) * (25 / 100), 0) -> 0 | H13: =ROUND(OFFSET('2. Tema Yazma'!$F$14, 0, ROW(A10)-1) * (25 / 100), 0) -> 0 | I13: =SUM(E13:H13) -> 0
B14: 11 | C14: ='Öğrenci Bilgileri'!C14 -> 0 | D14: ='Öğrenci Bilgileri'!D14 -> 0 | E14: =ROUND(OFFSET('1. Tema Konuşma'!$F$14, 0, ROW(A11)-1) * (25/ 100), 0) -> 0 | F14: =ROUND(OFFSET('2. Tema Konuşma'!$F$14, 0, ROW(A11)-1) * (25 / 100), 0) -> 0 | G14: =ROUND(OFFSET('1. Tema Yazma'!$F$13, 0, ROW(A11)-1) * (25 / 100), 0) -> 0 | H14: =ROUND(OFFSET('2. Tema Yazma'!$F$14, 0, ROW(A11)-1) * (25 / 100), 0) -> 0 | I14: =SUM(E14:H14) -> 0
B15: 12 | C15: ='Öğrenci Bilgileri'!C15 -> 0 | D15: ='Öğrenci Bilgileri'!D15 -> 0 | E15: =ROUND(OFFSET('1. Tema Konuşma'!$F$14, 0, ROW(A12)-1) * (25/ 100), 0) -> 0 | F15: =ROUND(OFFSET('2. Tema Konuşma'!$F$14, 0, ROW(A12)-1) * (25 / 100), 0) -> 0 | G15: =ROUND(OFFSET('1. Tema Yazma'!$F$13, 0, ROW(A12)-1) * (25 / 100), 0) -> 0 | H15: =ROUND(OFFSET('2. Tema Yazma'!$F$14, 0, ROW(A12)-1) * (25 / 100), 0) -> 0 | I15: =SUM(E15:H15) -> 0
... B43: 40 | C43: ='Öğrenci Bilgileri'!C43 -> 0 | D43: ='Öğrenci Bilgileri'!D43 -> 0 | E43: =ROUND(OFFSET('1. Tema Konuşma'!$F$14, 0, ROW(A40)-1) * (25/ 100), 0) -> 0 | F43: =ROUND(OFFSET('2. Tema Konuşma'!$F$14, 0, ROW(A40)-1) * (25 / 100), 0) -> 0 | G43: =ROUND(OFFSET('1. Tema Yazma'!$F$13, 0, ROW(A40)-1) * (25 / 100), 0) -> 0 | H43: =ROUND(OFFSET('2. Tema Yazma'!$F$14, 0, ROW(A40)-1) * (25 / 100), 0) -> 0 | I43: =SUM(E43:H43) -> 0
H45: 46402
H48: EKREM YEKREK
H49: TÜRK DİLİ VE EDEBİYATI ÖĞRETMENİ

Sheet 1. Tema Kitap Okuma
C1: ................................. ANADOLU LİSESİ 9/A SINIFI TÜRK DİLİ VE EDEBİYATI DERSİ 1. DÖNEM 1. TEMA KİTAP OKUMA PERFORMANS GÖREVİ DEĞERLENDİRME ÖLÇEĞİ (2. PERFORMANS PUANI İÇİN) ZÜMRE KARARI İLE OKUTULMAK ÜZERE SEÇİLEN KİTABIN ADI:…………………………………………………………
C2: NOT: Ölçütleri karşılama değerleri 3 puan iyi, 2 puan orta, 1 puan geliştirilebilir derecesini göstermektedir. Öğrencilerin performans görevinden aldıkları puanların 100'lük sisteme dönüştürülmüş şeklini "1. Dönem Kitap Okuma Performans Puanı" sayfasından görebilirsiniz.
C3: AÇIKLAMALAR | D3: =OFFSET('Öğrenci Bilgileri'!$D$4, COLUMN(A1)-1, 0) -> EKREM YEKREK | E3: =OFFSET('Öğrenci Bilgileri'!$D$4, COLUMN(B1)-1, 0) -> SAMİ İL | F3: =OFFSET('Öğrenci Bilgileri'!$D$4, COLUMN(C1)-1, 0) -> AHMET ÖZBAHAR | G3: =OFFSET('Öğrenci Bilgileri'!$D$4, COLUMN(D1)-1, 0) -> FATMA ŞENGÜL | H3: =OFFSET('Öğrenci Bilgileri'!$D$4, COLUMN(E1)-1, 0) -> GÖNÜL KORKUT | I3: =OFFSET('Öğrenci Bilgileri'!$D$4, COLUMN(F1)-1, 0) -> MEHMET TANER | J3: =OFFSET('Öğrenci Bilgileri'!$D$4, COLUMN(G1)-1, 0) -> HARUN DERİN | K3: =OFFSET('Öğrenci Bilgileri'!$D$4, COLUMN(H1)-1, 0) -> MERVE KAMALAK | ... AQ3: =OFFSET('Öğrenci Bilgileri'!$D$4, COLUMN(AN1)-1, 0) -> 0
C4: Okuma öncesinde metnin başlığını, görsellerini ve afişini inceler. | D4: 3 | E4: 2 | F4: 1
C5: Eseri / Romanı okuma amacını, belirler. | D5: 3 | E5: 2 | F5: 1
C6: Okuduğu metni özetler. | D6: 3 | E6: 2 | F6: 1
C7: Okuduğu metnin iletisini belirler | D7: 3 | E7: 2 | F7: 1
C8: Okuduğu metindeki kurgu ve gerçek unsurları belirleyerek metne katkısını tartışırır. | D8: 3 | E8: 2 | F8: 1
C9: Okuduğu metinde ilk defa karşılaştığı bilgilerin doğruluğunu araştırır. | D9: 3 | E9: 2 | F9: 1
C10: Metindeki imge, sembol, metafor, çağrışım ve göndermeleri tespit eder. | D10: 3 | E10: 2 | F10: 1
C11: Okuduğu metnin içeriği ile daha önce karşılaştığı metinleri çeşitli açılardan karşılaştırır. | D11: 3 | E11: 2 | F11: 1
C12: Metnin yazarının yerine kendimi koyarak bu metnin daha iyi nasıl olabileceğini düşünür | D12: 3 | E12: 2 | F12: 1
C13: Okuduğum metni arkadaşlarımla tartışmak için argümanlar (çıkarım, kanıt) üretirir. | D13: 3 | E13: 2 | F13: 1
C14: Okuduğu metnin entelektüel merakına ve araştırmacı kişiliğine katkısını değerlendirir. | D14: 3 | E14: 2 | F14: 1
C15: Okuduğu metin hakkında öğretmenin ve arkadaşlarının fikirlerini öğrendikten sonra kendi görüşleriyle karşılaştırır. | D15: 3 | E15: 2 | F15: 1
... C17: Okuduğu metnin farklı disiplinlerle(psikoloji, tarih, felsefe, coğrafya vb.) ilişkilerini tespit eder. | D17: 3 | E17: 2 | F17: 1
C18: TOPLAM | D18: =SUM(D4:D17) -> 42 | E18: =SUM(E4:E17) -> 28 | F18: =SUM(F4:F17) -> 14 | G18: =SUM(G4:G17) -> 0 | H18: =SUM(H4:H17) -> 0 | I18: =SUM(I4:I17) -> 0 | J18: =SUM(J4:J17) -> 0 | K18: =SUM(K4:K17) -> 0 | ... AQ18: =SUM(AQ4:AQ17) -> 0
AH20: …./11/2026
AI24: EKREM YEKREK
AI25: TÜRK DİLİ VE EDEBİYATI ÖĞRETMENİ

Sheet 2. Tema Kitap Okuma
B1: ........................................ ANADOLU LİSESİ 9/A SINIFI TÜRK DİLİ VE EDEBİYATI DERSİ 1. DÖNEM 2. TEMA KİTAP OKUMA PERFORMANS GÖREVİ DEĞERLENDİRME ÖLÇEĞİ (2. PERFORMANS PUANI İÇİN) ZÜMRE KARARI İLE OKUTULMAK ÜZERE SEÇİLEN KİTABIN ADI:…………………………………………………………
B2: NOT: Ölçütleri karşılama değerleri 3 puan iyi, 2 puan orta, 1 puan geliştirilebilir derecesini göstermektedir. Öğrencilerin performans görevinden aldıkları puanların 100'lük sisteme dönüştürülmüş şeklini "1. Dönem Kitap Okuma Performans Puanı" sayfasından görebilirsiniz.
B3: AÇIKLAMALAR | D3: =OFFSET('Öğrenci Bilgileri'!$D$4, COLUMN(A1)-1, 0) -> EKREM YEKREK | E3: =OFFSET('Öğrenci Bilgileri'!$D$4, COLUMN(B1)-1, 0) -> SAMİ İL | F3: =OFFSET('Öğrenci Bilgileri'!$D$4, COLUMN(C1)-1, 0) -> AHMET ÖZBAHAR | G3: =OFFSET('Öğrenci Bilgileri'!$D$4, COLUMN(D1)-1, 0) -> FATMA ŞENGÜL | H3: =OFFSET('Öğrenci Bilgileri'!$D$4, COLUMN(E1)-1, 0) -> GÖNÜL KORKUT | I3: =OFFSET('Öğrenci Bilgileri'!$D$4, COLUMN(F1)-1, 0) -> MEHMET TANER | J3: =OFFSET('Öğrenci Bilgileri'!$D$4, COLUMN(G1)-1, 0) -> HARUN DERİN | K3: =OFFSET('Öğrenci Bilgileri'!$D$4, COLUMN(H1)-1, 0) -> MERVE KAMALAK | ... AQ3: =OFFSET('Öğrenci Bilgileri'!$D$4, COLUMN(AN1)-1, 0) -> 0
B4: Okuma öncesinde metnin başlığını, görsellerini ve afişini inceler. | D4: 3 | E4: 2 | F4: 1
B5: Romanı / eseri okuma amacını, belirler. | D5: 3 | E5: 2 | F5: 1
B6: Okuduğu metni özetler. | D6: 3 | E6: 2 | F6: 1
B7: Okuduğu metnin iletisini belirler | D7: 3 | E7: 2 | F7: 1
B8: Okuduğu metindeki kurgu ve gerçek unsurları belirleyerek metne katkısını tartışırır. | D8: 3 | E8: 2 | F8: 1
B9: Okuduğu metinde ilk defa karşılaştığı bilgilerin doğruluğunu araştırır. | D9: 3 | E9: 2 | F9: 1
B10: Metindeki imge, sembol, metafor, çağrışım ve göndermeleri tespit eder. | D10: 3 | E10: 2 | F10: 1
B11: Okuduğu metnin içeriği ile daha önce karşılaştığı metinleri çeşitli açılardan karşılaştırır. | D11: 3 | E11: 2 | F11: 1
B12: Metnin yazarının yerine kendimi koyarak bu metnin daha iyi nasıl olabileceğini düşünür | D12: 3 | E12: 2 | F12: 1
B13: Okuduğum metni arkadaşlarımla tartışmak için argümanlar (çıkarım, kanıt) üretirir. | D13: 3 | E13: 2 | F13: 1
B14: Okuduğu metnin entelektüel merakına ve araştırmacı kişiliğine katkısını değerlendirir. | D14: 3 | E14: 2 | F14: 1
B15: Okuduğu metin hakkında öğretmenin ve arkadaşlarının fikirlerini öğrendikten sonra kendi görüşleriyle karşılaştırır. | D15: 3 | E15: 2 | F15: 1
... B17: Okuduğu metnin farklı disiplinlerle(psikoloji, tarih, felsefe, coğrafya vb.) ilişkilerini tespit eder. | D17: 3 | E17: 2 | F17: 1
B18: TOPLAM | D18: =SUM(D4:D17) -> 42 | E18: =SUM(E4:E17) -> 28 | F18: =SUM(F4:F17) -> 14 | G18: =SUM(G4:G17) -> 0 | H18: =SUM(H4:H17) -> 0 | I18: =SUM(I4:I17) -> 0 | J18: =SUM(J4:J17) -> 0 | K18: =SUM(K4:K17) -> 0 | ... AQ18: =SUM(AQ4:AQ17) -> 0
AH20: 46402
AI24: EKREM YEKREK
AI25: TÜRK DİLİ VE EDEBİYATI ÖĞRETMENİ

Sheet Ders İçi Gözlem
B1: ……………………...ANADOLU LİSESİ 9/A SINIFI TÜRK DİLİ VE EDEBİYATI DERSİ 1. DÖNEM 2. PERFORMANS PUANI İÇİN DERS İÇİ GÖZLEM VE DAVRANIŞLAR DEĞERLENDİRME ÖLÇEĞİ
B2: NOT: Ölçütleri karşılama değerleri 3 puan iyi, 2 puan orta, 1 puan geliştirilebilir derecesini göstermektedir. Öğrencilerin performans görevinden aldıkları puanların 100'lük sisteme dönüştürülmüş şeklini son sayfada görebilirsiniz.
B3: AÇIKLAMALAR | D3: =OFFSET('Öğrenci Bilgileri'!$D$4, COLUMN(A1)-1, 0) -> EKREM YEKREK | E3: =OFFSET('Öğrenci Bilgileri'!$D$4, COLUMN(B1)-1, 0) -> SAMİ İL | F3: =OFFSET('Öğrenci Bilgileri'!$D$4, COLUMN(C1)-1, 0) -> AHMET ÖZBAHAR | G3: =OFFSET('Öğrenci Bilgileri'!$D$4, COLUMN(D1)-1, 0) -> FATMA ŞENGÜL | H3: =OFFSET('Öğrenci Bilgileri'!$D$4, COLUMN(E1)-1, 0) -> GÖNÜL KORKUT | I3: =OFFSET('Öğrenci Bilgileri'!$D$4, COLUMN(F1)-1, 0) -> MEHMET TANER | J3: =OFFSET('Öğrenci Bilgileri'!$D$4, COLUMN(G1)-1, 0) -> HARUN DERİN | K3: =OFFSET('Öğrenci Bilgileri'!$D$4, COLUMN(H1)-1, 0) -> MERVE KAMALAK | ... AQ3: =OFFSET('Öğrenci Bilgileri'!$D$4, COLUMN(AN1)-1, 0) -> 0
B4: Derse hazırlıklı ve planlı gelme, ders dışı etkinliklerini gerçekleştirme | D4: 3 | E4: 2 | F4: 1
B5: Ders için gerekli araç gereçleri getirerek, düzenli ve temiz kullanma | D5: 3 | E5: 2 | F5: 1
B6: Türkçe'yi doğru ve düzgün konuşma ve yazma | D6: 3 | E6: 2 | F6: 1
B7: Derse karşı olumlu davranış geliştirme ve aktif katılma | D7: 3 | E7: 2 | F7: 1
B8: Arkadaşlarıyla işbirliği yapma (Grup çalışmalarına katılma) | D8: 3 | E8: 2 | F8: 1
B9: Verilen ödevleri (görevleri) zamanında yapma | D9: 3 | E9: 2 | F9: 1
B10: TOPLAM | D10: =SUM(D4:D9) -> 18 | E10: =SUM(E4:E9) -> 12 | F10: =SUM(F4:F9) -> 6 | G10: =SUM(G4:G9) -> 0 | H10: =SUM(H4:H9) -> 0 | I10: =SUM(I4:I9) -> 0 | J10: =SUM(J4:J9) -> 0 | K10: =SUM(K4:K9) -> 0 | ... AQ10: =SUM(AQ4:AQ9) -> 0
AH12: 46402
AI16: EKREM YEKREK
AI17: TÜRK DİLİ VE EDEBİYATI ÖĞRETMENİ

Sheet 1. DÖNEM 2. PERFORMANS PUANI
B1: 2026-2027 EĞİTİM ÖĞRETİM YILI ...................................... ANADOLU LİSESİ 9/ATP SINIFI TÜRK DİLİ VE EDEBİYATI DERSİ 1. DÖNEM 2. PERFORMANS PUANLARI
B2: BU SAYFADA ATÖLYE ÇALIŞMALARI,KİTAP OKUMA PERFORMANSI VE DERS İÇİ DURUM NOTLARININ 100 ÜZERİNDEN KARŞILIĞI VERİLMİŞTİR.LÜTFEN BU SAYFADA HERHANGİ BİR DEĞİŞİKLİK YAPMAYINIZ.DEĞİŞİKLİK İÇİN PUANLARIN BULUNDUĞU SAYFAYA GİDİNİZ VE DEĞİŞİKLİĞİ ORADA YAPINIZ.
B3: SIRA NO | C3: ÖĞRENCİ NO | D3: ÖĞRENCİNİN ADI VE SOYADI | E3: I .TEMA KİTAP OKUMA PERFORMANS GÖREVİ (%33) | F3: II. TEMA KİTAP OKUMA PERFORMANS GÖREVİ (%33) | G3: DERS İÇİ DAVRANIŞ VE GÖZLEM / İZLEME PERFORMANS PUANI (%34) | H3: 1. DÖNEM 2. PERFORMANS PUANI
B4: 1 | C4: ='Öğrenci Bilgileri'!C4 -> 58 | D4: ='Öğrenci Bilgileri'!D4 -> EKREM YEKREK | E4: =ROUND(OFFSET('1. Tema Kitap Okuma'!$D$18, 0, ROW(A1)-1) / 42 * 100, 0) -> 100 | F4: =ROUND(OFFSET('2. Tema Kitap Okuma'!$D$18, 0, ROW(A1)-1) / 42 * 100, 0) -> 100 | G4: =ROUND(OFFSET('Ders İçi Gözlem'!$D$10, 0, ROW(A1)-1) / 18 * 100, 0) -> 100 | H4: =(E4/100*33)+(F4/100*33)+(G4/100*34) -> 100
B5: 2 | C5: ='Öğrenci Bilgileri'!C5 -> 60 | D5: ='Öğrenci Bilgileri'!D5 -> SAMİ İL | E5: =ROUND(OFFSET('1. Tema Kitap Okuma'!$D$18, 0, ROW(A2)-1) / 42 * 100, 0) -> 67 | F5: =ROUND(OFFSET('2. Tema Kitap Okuma'!$D$18, 0, ROW(A2)-1) / 42 * 100, 0) -> 67 | G5: =ROUND(OFFSET('Ders İçi Gözlem'!$D$10, 0, ROW(A2)-1) / 18 * 100, 0) -> 67 | H5: =(E5/100*33)+(F5/100*33)+(G5/100*34) -> 67
B6: 3 | C6: ='Öğrenci Bilgileri'!C6 -> 65 | D6: ='Öğrenci Bilgileri'!D6 -> AHMET ÖZBAHAR | E6: =ROUND(OFFSET('1. Tema Kitap Okuma'!$D$18, 0, ROW(A3)-1) / 42 * 100, 0) -> 33 | F6: =ROUND(OFFSET('2. Tema Kitap Okuma'!$D$18, 0, ROW(A3)-1) / 42 * 100, 0) -> 33 | G6: =ROUND(OFFSET('Ders İçi Gözlem'!$D$10, 0, ROW(A3)-1) / 18 * 100, 0) -> 33 | H6: =(E6/100*33)+(F6/100*33)+(G6/100*34) -> 33
B7: 4 | C7: ='Öğrenci Bilgileri'!C7 -> 70 | D7: ='Öğrenci Bilgileri'!D7 -> FATMA ŞENGÜL | E7: =ROUND(OFFSET('1. Tema Kitap Okuma'!$D$18, 0, ROW(A4)-1) / 42 * 100, 0) -> 0 | F7: =ROUND(OFFSET('2. Tema Kitap Okuma'!$D$18, 0, ROW(A4)-1) / 42 * 100, 0) -> 0 | G7: =ROUND(OFFSET('Ders İçi Gözlem'!$D$10, 0, ROW(A4)-1) / 18 * 100, 0) -> 0 | H7: =(E7/100*33)+(F7/100*33)+(G7/100*34) -> 0
B8: 5 | C8: ='Öğrenci Bilgileri'!C8 -> 80 | D8: ='Öğrenci Bilgileri'!D8 -> GÖNÜL KORKUT | E8: =ROUND(OFFSET('1. Tema Kitap Okuma'!$D$18, 0, ROW(A5)-1) / 42 * 100, 0) -> 0 | F8: =ROUND(OFFSET('2. Tema Kitap Okuma'!$D$18, 0, ROW(A5)-1) / 42 * 100, 0) -> 0 | G8: =ROUND(OFFSET('Ders İçi Gözlem'!$D$10, 0, ROW(A5)-1) / 18 * 100, 0) -> 0 | H8: =(E8/100*33)+(F8/100*33)+(G8/100*34) -> 0
B9: 6 | C9: ='Öğrenci Bilgileri'!C9 -> 95 | D9: ='Öğrenci Bilgileri'!D9 -> MEHMET TANER | E9: =ROUND(OFFSET('1. Tema Kitap Okuma'!$D$18, 0, ROW(A6)-1) / 42 * 100, 0) -> 0 | F9: =ROUND(OFFSET('2. Tema Kitap Okuma'!$D$18, 0, ROW(A6)-1) / 42 * 100, 0) -> 0 | G9: =ROUND(OFFSET('Ders İçi Gözlem'!$D$10, 0, ROW(A6)-1) / 18 * 100, 0) -> 0 | H9: =(E9/100*33)+(F9/100*33)+(G9/100*34) -> 0
B10: 7 | C10: ='Öğrenci Bilgileri'!C10 -> 100 | D10: ='Öğrenci Bilgileri'!D10 -> HARUN DERİN | E10: =ROUND(OFFSET('1. Tema Kitap Okuma'!$D$18, 0, ROW(A7)-1) / 42 * 100, 0) -> 0 | F10: =ROUND(OFFSET('2. Tema Kitap Okuma'!$D$18, 0, ROW(A7)-1) / 42 * 100, 0) -> 0 | G10: =ROUND(OFFSET('Ders İçi Gözlem'!$D$10, 0, ROW(A7)-1) / 18 * 100, 0) -> 0 | H10: =(E10/100*33)+(F10/100*33)+(G10/100*34) -> 0
B11: 8 | C11: ='Öğrenci Bilgileri'!C11 -> 115 | D11: ='Öğrenci Bilgileri'!D11 -> MERVE KAMALAK | E11: =ROUND(OFFSET('1. Tema Kitap Okuma'!$D$18, 0, ROW(A8)-1) / 42 * 100, 0) -> 0 | F11: =ROUND(OFFSET('2. Tema Kitap Okuma'!$D$18, 0, ROW(A8)-1) / 42 * 100, 0) -> 0 | G11: =ROUND(OFFSET('Ders İçi Gözlem'!$D$10, 0, ROW(A8)-1) / 18 * 100, 0) -> 0 | H11: =(E11/100*33)+(F11/100*33)+(G11/100*34) -> 0
B12: 9 | C12: ='Öğrenci Bilgileri'!C12 -> 200 | D12: ='Öğrenci Bilgileri'!D12 -> ÜMRAN AYKIŞ | E12: =ROUND(OFFSET('1. Tema Kitap Okuma'!$D$18, 0, ROW(A9)-1) / 42 * 100, 0) -> 0 | F12: =ROUND(OFFSET('2. Tema Kitap Okuma'!$D$18, 0, ROW(A9)-1) / 42 * 100, 0) -> 0 | G12: =ROUND(OFFSET('Ders İçi Gözlem'!$D$10, 0, ROW(A9)-1) / 18 * 100, 0) -> 0 | H12: =(E12/100*33)+(F12/100*33)+(G12/100*34) -> 0
B13: 10 | C13: ='Öğrenci Bilgileri'!C13 -> 215 | D13: ='Öğrenci Bilgileri'!D13 -> IŞIL ÖZLER | E13: =ROUND(OFFSET('1. Tema Kitap Okuma'!$D$18, 0, ROW(A10)-1) / 42 * 100, 0) -> 0 | F13: =ROUND(OFFSET('2. Tema Kitap Okuma'!$D$18, 0, ROW(A10)-1) / 42 * 100, 0) -> 0 | G13: =ROUND(OFFSET('Ders İçi Gözlem'!$D$10, 0, ROW(A10)-1) / 18 * 100, 0) -> 0 | H13: =(E13/100*33)+(F13/100*33)+(G13/100*34) -> 0
B14: 11 | C14: ='Öğrenci Bilgileri'!C14 -> 0 | D14: ='Öğrenci Bilgileri'!D14 -> 0 | E14: =ROUND(OFFSET('1. Tema Kitap Okuma'!$D$18, 0, ROW(A11)-1) / 42 * 100, 0) -> 0 | F14: =ROUND(OFFSET('2. Tema Kitap Okuma'!$D$18, 0, ROW(A11)-1) / 42 * 100, 0) -> 0 | G14: =ROUND(OFFSET('Ders İçi Gözlem'!$D$10, 0, ROW(A11)-1) / 18 * 100, 0) -> 0 | H14: =(E14/100*33)+(F14/100*33)+(G14/100*34) -> 0
B15: 12 | C15: ='Öğrenci Bilgileri'!C15 -> 0 | D15: ='Öğrenci Bilgileri'!D15 -> 0 | E15: =ROUND(OFFSET('1. Tema Kitap Okuma'!$D$18, 0, ROW(A12)-1) / 42 * 100, 0) -> 0 | F15: =ROUND(OFFSET('2. Tema Kitap Okuma'!$D$18, 0, ROW(A12)-1) / 42 * 100, 0) -> 0 | G15: =ROUND(OFFSET('Ders İçi Gözlem'!$D$10, 0, ROW(A12)-1) / 18 * 100, 0) -> 0 | H15: =(E15/100*33)+(F15/100*33)+(G15/100*34) -> 0
... B43: 40 | C43: ='Öğrenci Bilgileri'!C43 -> 0 | D43: ='Öğrenci Bilgileri'!D43 -> 0 | E43: =ROUND(OFFSET('1. Tema Kitap Okuma'!$D$18, 0, ROW(A40)-1) / 42 * 100, 0) -> 0 | F43: =ROUND(OFFSET('2. Tema Kitap Okuma'!$D$18, 0, ROW(A40)-1) / 42 * 100, 0) -> 0 | G43: =ROUND(OFFSET('Ders İçi Gözlem'!$D$10, 0, ROW(A40)-1) / 18 * 100, 0) -> 0 | H43: =(E43/100*33)+(F43/100*33)+(G43/100*34) -> 0
G45: 46402
G48: EKREM YEKREK
G49: TÜRK DİLİ VE EDEBİYATI ÖĞRETMENİ

Sheet 1. DÖNEM 1. VE 2. PERFORMANS P
B1: 2026-2027 EĞİTİM ÖĞRETİM YILI .......................................... ANADOLU LİSESİ 9/A SINIFI TÜRK DİLİ VE EDEBİYATI DERSİ 1. DÖNEM 1. VE 2. PERFORMANS PUANLARI BİRLEŞTİRME ÇİZELGESİ
B2: BU SAYFADA ATÖLYE ÇALIŞMALARI, KİTAP OKUMA PERFORMANSI VE DERS İÇİ DURUM NOTLARININ 100 ÜZERİNDEN KARŞILIĞI VERİLMİŞTİR. LÜTFEN BU SAYFADA HERHANGİ BİR DEĞİŞİKLİK YAPMAYINIZ. DEĞİŞİKLİK İÇİN PUANLARIN BULUNDUĞU SAYFAYA GİDİNİZ VE DEĞİŞİKLİĞİ ORADA YAPINIZ.
B3: SIRA NO | C3: ÖĞRENCİ NO | D3: ÖĞRENCİNİN ADI VE SOYADI | E3: 1.DÖNEM 1. PERFORMANS PUANI | F3: 1.DÖNEM 2. PERFORMANS PUANI
B4: 1 | C4: ='Öğrenci Bilgileri'!C4 -> 58 | D4: ='Öğrenci Bilgileri'!D4 -> EKREM YEKREK | E4: ='1. DÖNEM 1. PERFORMANS PUANI'!I4 -> 100 | F4: ='1. DÖNEM 2. PERFORMANS PUANI'!H4 -> 100
B5: 2 | C5: ='Öğrenci Bilgileri'!C5 -> 60 | D5: ='Öğrenci Bilgileri'!D5 -> SAMİ İL | E5: ='1. DÖNEM 1. PERFORMANS PUANI'!I5 -> 80 | F5: ='1. DÖNEM 2. PERFORMANS PUANI'!H5 -> 67
B6: 3 | C6: ='Öğrenci Bilgileri'!C6 -> 65 | D6: ='Öğrenci Bilgileri'!D6 -> AHMET ÖZBAHAR | E6: ='1. DÖNEM 1. PERFORMANS PUANI'!I6 -> 45 | F6: ='1. DÖNEM 2. PERFORMANS PUANI'!H6 -> 33
B7: 4 | C7: ='Öğrenci Bilgileri'!C7 -> 70 | D7: ='Öğrenci Bilgileri'!D7 -> FATMA ŞENGÜL | E7: ='1. DÖNEM 1. PERFORMANS PUANI'!I7 -> 55 | F7: ='1. DÖNEM 2. PERFORMANS PUANI'!H7 -> 0
B8: 5 | C8: ='Öğrenci Bilgileri'!C8 -> 80 | D8: ='Öğrenci Bilgileri'!D8 -> GÖNÜL KORKUT | E8: ='1. DÖNEM 1. PERFORMANS PUANI'!I8 -> 0 | F8: ='1. DÖNEM 2. PERFORMANS PUANI'!H8 -> 0
B9: 6 | C9: ='Öğrenci Bilgileri'!C9 -> 95 | D9: ='Öğrenci Bilgileri'!D9 -> MEHMET TANER | E9: ='1. DÖNEM 1. PERFORMANS PUANI'!I9 -> 0 | F9: ='1. DÖNEM 2. PERFORMANS PUANI'!H9 -> 0
B10: 7 | C10: ='Öğrenci Bilgileri'!C10 -> 100 | D10: ='Öğrenci Bilgileri'!D10 -> HARUN DERİN | E10: ='1. DÖNEM 1. PERFORMANS PUANI'!I10 -> 0 | F10: ='1. DÖNEM 2. PERFORMANS PUANI'!H10 -> 0
B11: 8 | C11: ='Öğrenci Bilgileri'!C11 -> 115 | D11: ='Öğrenci Bilgileri'!D11 -> MERVE KAMALAK | E11: ='1. DÖNEM 1. PERFORMANS PUANI'!I11 -> 0 | F11: ='1. DÖNEM 2. PERFORMANS PUANI'!H11 -> 0
B12: 9 | C12: ='Öğrenci Bilgileri'!C12 -> 200 | D12: ='Öğrenci Bilgileri'!D12 -> ÜMRAN AYKIŞ | E12: ='1. DÖNEM 1. PERFORMANS PUANI'!I12 -> 0 | F12: ='1. DÖNEM 2. PERFORMANS PUANI'!H12 -> 0
B13: 10 | C13: ='Öğrenci Bilgileri'!C13 -> 215 | D13: ='Öğrenci Bilgileri'!D13 -> IŞIL ÖZLER | E13: ='1. DÖNEM 1. PERFORMANS PUANI'!I13 -> 0 | F13: ='1. DÖNEM 2. PERFORMANS PUANI'!H13 -> 0
B14: 11 | C14: ='Öğrenci Bilgileri'!C14 -> 0 | D14: ='Öğrenci Bilgileri'!D14 -> 0 | E14: ='1. DÖNEM 1. PERFORMANS PUANI'!I14 -> 0 | F14: ='1. DÖNEM 2. PERFORMANS PUANI'!H14 -> 0
B15: 12 | C15: ='Öğrenci Bilgileri'!C15 -> 0 | D15: ='Öğrenci Bilgileri'!D15 -> 0 | E15: ='1. DÖNEM 1. PERFORMANS PUANI'!I15 -> 0 | F15: ='1. DÖNEM 2. PERFORMANS PUANI'!H15 -> 0
... B43: 40 | C43: ='Öğrenci Bilgileri'!C43 -> 0 | D43: ='Öğrenci Bilgileri'!D43 -> 0 | E43: ='1. DÖNEM 1. PERFORMANS PUANI'!I43 -> 0 | F43: ='1. DÖNEM 2. PERFORMANS PUANI'!H43 -> 0
E45: 46402
E48: EKREM YEKREK
E49: TÜRK DİLİ VE EDEBİYATI ÖĞRETMENİ
